config,cv_macro_f1_mean,cv_macro_f1_std,test_macro_f1,test_f1_ham,test_f1_spam,test_f1_smishing,test_binary_macro_f1
stage1 (tfidf+struct),0.8713108021861146,0.029854443907268866,0.8906942613251349,0.9933161953727506,0.7978142076502732,0.8809523809523809,0.9334273182957393
stage1+url,0.8690125123522113,0.027799030702811676,0.8894192674385911,0.9938271604938271,0.7934782608695652,0.8809523809523809,0.9334273182957393
