model,macro_f1_mean,macro_f1_std,f1_ham,f1_spam,f1_smishing
RandomForest,0.8834548949008976,0.01478790006709974,0.9921701418145265,0.7864013677991197,0.8717931750890466
LogisticRegression,0.8713108021861146,0.029854443907268866,0.991655480379172,0.755950196876193,0.8663267293029786
MultinomialNB,0.8663026603607851,0.020797248599475075,0.9903312920378955,0.7534400064631729,0.855136682581287
XGBoost,0.8375939785339076,0.010008676479080908,0.990361243885911,0.7016397800205687,0.8207809116952433
